<?xml version="1.0" encoding="UTF-8"?>
<project xmlns="http://maven.apache.org/POM/4.0.0" xmlns:xsi="http://www.w3.org/2001/XMLSchema-instance" xsi:schemaLocation="http://maven.apache.org/POM/4.0.0 http://maven.apache.org/maven-v4_0_0.xsd">
  <modelVersion>4.0.0</modelVersion>
  <groupId>com.finaldelta</groupId>
  <artifactId>FinalDelta</artifactId>
  <name>FinalDelta</name>
  <version>3.0.0</version>
  <description>X3 Pattern Detection Trading System</description>
  <build>
    <plugins>
      <plugin>
        <artifactId>maven-compiler-plugin</artifactId>
        <version>3.11.0</version>
        <configuration>
          <source>17</source>
          <target>17</target>
        </configuration>
      </plugin>
      <plugin>
        <groupId>org.openjfx</groupId>
        <artifactId>javafx-maven-plugin</artifactId>
        <version>0.0.8</version>
        <configuration>
          <mainClass>com.finaldelta.FinalDeltaApplication</mainClass>
          <options>
            <option>--add-exports</option>
            <option>javafx.graphics/com.sun.javafx.application=ALL-UNNAMED</option>
          </options>
        </configuration>
      </plugin>
      <plugin>
        <groupId>org.codehaus.mojo</groupId>
        <artifactId>exec-maven-plugin</artifactId>
        <version>3.1.0</version>
        <configuration>
          <mainClass>com.finaldelta.FinalDeltaApplication</mainClass>
          <arguments>
            <argument>--add-modules</argument>
            <argument>javafx.controls,javafx.fxml</argument>
          </arguments>
        </configuration>
      </plugin>
      <plugin>
        <artifactId>maven-shade-plugin</artifactId>
        <version>3.5.0</version>
        <executions>
          <execution>
            <id>trade-logic</id>
            <phase>package</phase>
            <goals>
              <goal>shade</goal>
            </goals>
            <configuration>
              <finalName>finaldelta</finalName>
              <transformers>
                <transformer>
                  <mainClass>com.finaldelta.Launcher</mainClass>
                </transformer>
              </transformers>
              <filters>
                <filter>
                  <artifact>*:*</artifact>
                  <excludes>
                    <exclude>META-INF/*.SF</exclude>
                    <exclude>META-INF/*.DSA</exclude>
                    <exclude>META-INF/*.RSA</exclude>
                  </excludes>
                </filter>
              </filters>
            </configuration>
          </execution>
        </executions>
      </plugin>
    </plugins>
  </build>
  <properties>
    <project.build.sourceEncoding>UTF-8</project.build.sourceEncoding>
    <javafx.version>21.0.2</javafx.version>
    <maven.compiler.target>17</maven.compiler.target>
    <maven.compiler.source>17</maven.compiler.source>
  </properties>
</project>
