{
  "symbol": "XAUUSD",
  "masterEnabled": false,
  "ceMagicBase": 0,
  "ceMaxSequence": 5,
  "timeframe": "M2",
  "closeHour": 18,
  "closeMinute": 16,
  "minX1Height": 20.0,
  "x1Type": "Cents",
  "trigPercent": 13.0,
  "stopLossPercent": 13.0,
  "rptPercent": 1.0,
  "rptFixedAmount": 100.0,
  "dailyDdLimit": 0.0,
  "tp1Percent": 100.0,
  "tp1Volume": 100,
  "tp2Percent": 200.0,
  "tp2Volume": 0,
  "tp3Percent": 300.0,
  "tp3Volume": 0,
  "tp4Percent": 400.0,
  "tp4Volume": 0,
  "tp5Percent": 500.0,
  "tp5Volume": 0,
  "tp6Percent": 600.0,
  "tp6Volume": 0,
  "tp7Percent": 700.0,
  "tp7Volume": 0,
  "commissionsEnabled": false,
  "commissionType": "No_Commissions",
  "commissionValue": 0.0,
  "disableLeapfrog": false
}