<?xml version="1.0" encoding="UTF-8"?>
<configuration>
    <appender name="CONSOLE" class="ch.qos.logback.core.ConsoleAppender">
        <encoder>
            <pattern>%d{HH:mm:ss.SSS} %-5level %logger{20} - %msg%n</pattern>
        </encoder>
    </appender>

    <appender name="FILE" class="ch.qos.logback.core.rolling.RollingFileAppender">
        <file>logs/polymarket-orderbook.log</file>
        <rollingPolicy class="ch.qos.logback.core.rolling.SizeAndTimeBasedRollingPolicy">
            <fileNamePattern>logs/polymarket-orderbook.%d{yyyy-MM-dd}.%i.log</fileNamePattern>
            <maxFileSize>50MB</maxFileSize>
            <maxHistory>7</maxHistory>
            <totalSizeCap>500MB</totalSizeCap>
        </rollingPolicy>
        <encoder>
            <pattern>%d{yyyy-MM-dd HH:mm:ss.SSS} %-5level %logger{20} - %msg%n</pattern>
        </encoder>
    </appender>

    <!-- High-frequency components - suppress noisy logs -->
    <logger name="com.polymarket.orderbook.engine.OrderBookEngine" level="ERROR"/>
    <logger name="com.polymarket.orderbook.engine.OrderBookState" level="ERROR"/>
    <logger name="com.polymarket.orderbook.connector.PolymarketWebSocketClient" level="WARN"/>
    <logger name="com.polymarket.orderbook.model.Market" level="WARN"/>

    <!-- API clients -->
    <logger name="com.polymarket.orderbook.api.CoinbaseApiClient" level="INFO"/>
    <logger name="com.polymarket.orderbook.api.ChainlinkApiClient" level="DEBUG"/>

    <!-- Trading and simulations - keep important events -->
    <logger name="com.polymarket.orderbook.service.ArbitrageSimulation" level="INFO"/>
    <logger name="com.polymarket.orderbook.service.DeltaNeutralSimulation" level="INFO"/>
    <logger name="com.polymarket.orderbook.service.HoldToResolutionSimulation" level="INFO"/>
    <logger name="com.polymarket.orderbook.service.TradingService" level="INFO"/>
    <logger name="com.polymarket.orderbook.service.ArbitrageDetectionService" level="DEBUG"/>

    <!-- Everything else -->
    <logger name="com.polymarket" level="WARN"/>
    <logger name="org.java_websocket" level="WARN"/>

    <root level="WARN">
        <appender-ref ref="CONSOLE"/>
        <appender-ref ref="FILE"/>
    </root>
</configuration>
