{
  "symbol": "XAUUSD",
  "tp3_percent": 125.0,
  "min_x1_height": 7.0,
  "tp2_percent": 110.0,
  "tp1_percent": 100.0,
  "tp1_volume": 14,
  "tp6_percent": 250.0,
  "tp3_volume": 14,
  "tp2_volume": 14,
  "tp4_volume": 14,
  "tp7_percent": 300.0,
  "timeframe": "M2",
  "tp5_volume": 14,
  "eod_enabled": false,
  "close_hour": 14,
  "disable_leapfrog": true,
  "commission_value": 0.0,
  "end_hour": 23,
  "commission_type": "No_Commissions",
  "rpt_fixed_amount": 100.0,
  "stop_loss_percent": 13.0,
  "commissions_enabled": false,
  "tp6_volume": 14,
  "tp7_volume": 16,
  "rpt_percent": 0.3,
  "trig_percent": 13.0,
  "x1_type": "Cents",
  "tp5_percent": 200.0,
  "end_minute": 50,
  "close_minute": 26,
  "tp4_percent": 150.0
}