timestamp,market_slug,market_question,coinbase_price,market_start_price,actual_change_pct,poly_up_prob,poly_down_prob,arbitrage_edge_pct,direction,has_opportunity
"2026-01-05 00:41:12","btc-updown-15m","Bitcoin Up or Down - January 4, 8:30AM-8:45AM ET",91203.985,91203.985,0.000000,76.5000,23.5000,23.500000,BUY_DOWN,true
"2026-01-05 00:41:17","btc-updown-15m","Bitcoin Up or Down - January 4, 8:30AM-8:45AM ET",91203.985,91203.985,0.000000,76.5000,23.5000,23.500000,BUY_DOWN,true
"2026-01-05 00:41:22","btc-updown-15m","Bitcoin Up or Down - January 4, 8:30AM-8:45AM ET",91197.925,91203.985,-0.006600,81.5000,18.5000,18.493400,BUY_DOWN,true
"2026-01-05 00:41:27","btc-updown-15m","Bitcoin Up or Down - January 4, 8:30AM-8:45AM ET",91184.005,91203.985,-0.021900,83.5000,16.5000,16.478100,BUY_DOWN,true
"2026-01-05 00:41:32","btc-updown-15m","Bitcoin Up or Down - January 4, 8:30AM-8:45AM ET",91184.005,91203.985,-0.021900,84.0000,16.0000,15.978100,BUY_DOWN,true
"2026-01-05 00:41:37","btc-updown-15m","Bitcoin Up or Down - January 4, 8:30AM-8:45AM ET",91184.005,91203.985,-0.021900,84.0000,16.0000,15.978100,BUY_DOWN,true
"2026-01-05 00:41:42","btc-updown-15m","Bitcoin Up or Down - January 4, 8:30AM-8:45AM ET",91184.005,91203.985,-0.021900,85.5000,14.5000,14.478100,BUY_DOWN,true
"2026-01-05 00:41:47","btc-updown-15m","Bitcoin Up or Down - January 4, 8:30AM-8:45AM ET",91184.005,91203.985,-0.021900,85.5000,14.5000,14.478100,BUY_DOWN,true
"2026-01-05 00:41:52","btc-updown-15m","Bitcoin Up or Down - January 4, 8:30AM-8:45AM ET",91184.005,91203.985,-0.021900,87.5000,12.5000,12.478100,BUY_DOWN,true
"2026-01-05 00:41:57","btc-updown-15m","Bitcoin Up or Down - January 4, 8:30AM-8:45AM ET",91184.005,91203.985,-0.021900,87.0000,13.0000,12.978100,BUY_DOWN,true
"2026-01-05 00:42:02","btc-updown-15m","Bitcoin Up or Down - January 4, 8:30AM-8:45AM ET",91184.005,91203.985,-0.021900,90.0000,10.0000,9.978100,BUY_DOWN,true
"2026-01-05 00:42:07","btc-updown-15m","Bitcoin Up or Down - January 4, 8:30AM-8:45AM ET",91184.005,91203.985,-0.021900,90.5000,9.5000,9.478100,BUY_DOWN,true
"2026-01-05 00:42:12","btc-updown-15m","Bitcoin Up or Down - January 4, 8:30AM-8:45AM ET",91187.965,91203.985,-0.017600,92.5000,7.5000,7.482400,BUY_DOWN,true
"2026-01-05 00:42:17","btc-updown-15m","Bitcoin Up or Down - January 4, 8:30AM-8:45AM ET",91187.965,91203.985,-0.017600,92.5000,7.5000,7.482400,BUY_DOWN,true
"2026-01-05 00:42:22","btc-updown-15m","Bitcoin Up or Down - January 4, 8:30AM-8:45AM ET",91188.005,91203.985,-0.017500,94.5000,5.5000,5.482500,BUY_DOWN,true
"2026-01-05 00:42:27","btc-updown-15m","Bitcoin Up or Down - January 4, 8:30AM-8:45AM ET",91192.005,91203.985,-0.013100,92.5000,7.5000,7.486900,BUY_DOWN,true
"2026-01-05 00:42:32","btc-updown-15m","Bitcoin Up or Down - January 4, 8:30AM-8:45AM ET",91192.005,91203.985,-0.013100,95.0000,5.0000,4.986900,BUY_DOWN,true
"2026-01-05 00:42:37","btc-updown-15m","Bitcoin Up or Down - January 4, 8:30AM-8:45AM ET",91192.005,91203.985,-0.013100,96.0000,4.0000,3.986900,BUY_DOWN,true
"2026-01-05 00:42:42","btc-updown-15m","Bitcoin Up or Down - January 4, 8:30AM-8:45AM ET",91192.005,91203.985,-0.013100,95.5000,4.5000,4.486900,BUY_DOWN,true
"2026-01-05 00:42:47","btc-updown-15m","Bitcoin Up or Down - January 4, 8:30AM-8:45AM ET",91192.005,91203.985,-0.013100,96.5000,3.5000,3.486900,BUY_DOWN,true
"2026-01-05 00:42:52","btc-updown-15m","Bitcoin Up or Down - January 4, 8:30AM-8:45AM ET",91192.005,91203.985,-0.013100,90.0000,10.0000,9.986900,BUY_DOWN,true
"2026-01-05 00:42:57","btc-updown-15m","Bitcoin Up or Down - January 4, 8:30AM-8:45AM ET",91192.005,91203.985,-0.013100,91.5000,8.5000,8.486900,BUY_DOWN,true
"2026-01-05 00:43:02","btc-updown-15m","Bitcoin Up or Down - January 4, 8:30AM-8:45AM ET",91192.005,91203.985,-0.013100,94.0000,6.0000,5.986900,BUY_DOWN,true
"2026-01-05 00:43:07","btc-updown-15m","Bitcoin Up or Down - January 4, 8:30AM-8:45AM ET",91192.005,91203.985,-0.013100,93.0000,7.0000,6.986900,BUY_DOWN,true
"2026-01-05 00:43:12","btc-updown-15m","Bitcoin Up or Down - January 4, 8:30AM-8:45AM ET",91192.005,91203.985,-0.013100,96.0000,4.0000,3.986900,BUY_DOWN,true
"2026-01-05 00:43:17","btc-updown-15m","Bitcoin Up or Down - January 4, 8:30AM-8:45AM ET",91188.315,91203.985,-0.017200,96.0000,4.0000,3.982800,BUY_DOWN,true
"2026-01-05 00:43:22","btc-updown-15m","Bitcoin Up or Down - January 4, 8:30AM-8:45AM ET",91188.315,91203.985,-0.017200,96.5000,3.5000,3.482800,BUY_DOWN,true
"2026-01-05 00:43:27","btc-updown-15m","Bitcoin Up or Down - January 4, 8:30AM-8:45AM ET",91190.025,91203.985,-0.015300,98.0000,2.0000,1.984700,BUY_DOWN,true
"2026-01-05 00:43:32","btc-updown-15m","Bitcoin Up or Down - January 4, 8:30AM-8:45AM ET",91190.025,91203.985,-0.015300,98.5000,1.5000,1.484700,BUY_DOWN,true
"2026-01-05 00:43:37","btc-updown-15m","Bitcoin Up or Down - January 4, 8:30AM-8:45AM ET",91192.005,91203.985,-0.013100,98.0000,2.0000,1.986900,BUY_DOWN,true
"2026-01-05 00:43:42","btc-updown-15m","Bitcoin Up or Down - January 4, 8:30AM-8:45AM ET",91192.005,91203.985,-0.013100,97.5000,2.5000,2.486900,BUY_DOWN,true
"2026-01-05 00:43:47","btc-updown-15m","Bitcoin Up or Down - January 4, 8:30AM-8:45AM ET",91192.005,91203.985,-0.013100,98.0000,2.0000,1.986900,BUY_DOWN,true
"2026-01-05 00:43:52","btc-updown-15m","Bitcoin Up or Down - January 4, 8:30AM-8:45AM ET",91192.005,91203.985,-0.013100,98.5000,1.5000,1.486900,BUY_DOWN,true
"2026-01-05 00:43:57","btc-updown-15m","Bitcoin Up or Down - January 4, 8:30AM-8:45AM ET",91192.005,91203.985,-0.013100,99.5000,1.0000,0.986900,BUY_DOWN,true
"2026-01-05 00:44:02","btc-updown-15m","Bitcoin Up or Down - January 4, 8:30AM-8:45AM ET",91192.005,91203.985,-0.013100,99.5000,1.0000,0.986900,BUY_DOWN,true
"2026-01-05 00:44:07","btc-updown-15m","Bitcoin Up or Down - January 4, 8:30AM-8:45AM ET",91192.005,91203.985,-0.013100,99.5000,1.0000,0.986900,BUY_DOWN,true
"2026-01-05 00:44:12","btc-updown-15m","Bitcoin Up or Down - January 4, 8:30AM-8:45AM ET",91192.005,91203.985,-0.013100,99.5000,1.0000,0.986900,BUY_DOWN,true
"2026-01-05 00:44:17","btc-updown-15m","Bitcoin Up or Down - January 4, 8:30AM-8:45AM ET",91192.005,91203.985,-0.013100,99.5000,1.0000,0.986900,BUY_DOWN,true
"2026-01-05 00:44:22","btc-updown-15m","Bitcoin Up or Down - January 4, 8:30AM-8:45AM ET",91192.005,91203.985,-0.013100,99.5000,1.0000,0.986900,BUY_DOWN,true
"2026-01-05 00:44:27","btc-updown-15m","Bitcoin Up or Down - January 4, 8:30AM-8:45AM ET",91192.005,91203.985,-0.013100,99.5000,1.0000,0.986900,BUY_DOWN,true
"2026-01-05 00:44:32","btc-updown-15m","Bitcoin Up or Down - January 4, 8:30AM-8:45AM ET",91187.695,91203.985,-0.017900,99.5000,1.0000,0.982100,BUY_DOWN,true
"2026-01-05 00:44:37","btc-updown-15m","Bitcoin Up or Down - January 4, 8:30AM-8:45AM ET",91186.025,91203.985,-0.019700,99.5000,1.0000,0.980300,BUY_DOWN,true
"2026-01-05 00:44:42","btc-updown-15m","Bitcoin Up or Down - January 4, 8:30AM-8:45AM ET",91186.025,91203.985,-0.019700,99.5000,1.0000,0.980300,BUY_DOWN,true
"2026-01-05 00:44:47","btc-updown-15m","Bitcoin Up or Down - January 4, 8:30AM-8:45AM ET",91186.025,91203.985,-0.019700,99.5000,1.0000,0.980300,BUY_DOWN,true
"2026-01-05 00:44:52","btc-updown-15m","Bitcoin Up or Down - January 4, 8:30AM-8:45AM ET",91186.025,91203.985,-0.019700,99.5000,1.0000,0.980300,BUY_DOWN,true
"2026-01-05 00:44:57","btc-updown-15m","Bitcoin Up or Down - January 4, 8:30AM-8:45AM ET",91186.025,91203.985,-0.019700,99.5000,1.0000,0.980300,BUY_DOWN,true
"2026-01-05 00:45:02","btc-updown-15m","Bitcoin Up or Down - January 4, 8:30AM-8:45AM ET",91186.025,91203.985,-0.019700,99.5000,1.0000,0.980300,BUY_DOWN,true
"2026-01-05 00:45:07","btc-updown-15m","Bitcoin Up or Down - January 4, 8:30AM-8:45AM ET",91186.025,91203.985,-0.019700,99.5000,1.0000,0.980300,BUY_DOWN,true
"2026-01-05 00:45:12","btc-updown-15m","Bitcoin Up or Down - January 4, 8:30AM-8:45AM ET",91186.025,91203.985,-0.019700,99.5000,1.0000,0.980300,BUY_DOWN,true
"2026-01-05 00:45:17","btc-updown-15m","Bitcoin Up or Down - January 4, 8:45AM-9:00AM ET",91186.025,91186.025,0.000000,0,0,0,NONE,false
"2026-01-05 00:45:22","btc-updown-15m","Bitcoin Up or Down - January 4, 8:45AM-9:00AM ET",91186.025,91186.025,0.000000,55.5000,44.5000,44.500000,BUY_DOWN,true
"2026-01-05 00:45:27","btc-updown-15m","Bitcoin Up or Down - January 4, 8:45AM-9:00AM ET",91186.025,91186.025,0.000000,56.5000,43.5000,43.500000,BUY_DOWN,true
"2026-01-05 00:45:32","btc-updown-15m","Bitcoin Up or Down - January 4, 8:45AM-9:00AM ET",91186.025,91186.025,0.000000,52.0000,48.0000,48.000000,BUY_DOWN,true
"2026-01-05 00:45:37","btc-updown-15m","Bitcoin Up or Down - January 4, 8:45AM-9:00AM ET",91186.025,91186.025,0.000000,51.5000,48.5000,48.500000,BUY_DOWN,true
"2026-01-05 00:45:42","btc-updown-15m","Bitcoin Up or Down - January 4, 8:45AM-9:00AM ET",91198.615,91186.025,0.013800,51.5000,48.5000,51.486200,SELL_DOWN,true
"2026-01-05 00:45:47","btc-updown-15m","Bitcoin Up or Down - January 4, 8:45AM-9:00AM ET",91206.565,91186.025,0.022500,53.5000,46.5000,53.477500,SELL_DOWN,true
"2026-01-05 00:45:52","btc-updown-15m","Bitcoin Up or Down - January 4, 8:45AM-9:00AM ET",91198.615,91186.025,0.013800,47.5000,52.5000,47.486200,BUY_UP,true
"2026-01-05 00:45:57","btc-updown-15m","Bitcoin Up or Down - January 4, 8:45AM-9:00AM ET",91198.615,91186.025,0.013800,50.0000,50.0000,49.986200,SELL_DOWN,true
"2026-01-05 00:46:03","btc-updown-15m","Bitcoin Up or Down - January 4, 8:45AM-9:00AM ET",91198.615,91186.025,0.013800,52.5000,47.5000,52.486200,SELL_DOWN,true
"2026-01-05 00:46:08","btc-updown-15m","Bitcoin Up or Down - January 4, 8:45AM-9:00AM ET",91198.615,91186.025,0.013800,53.5000,46.5000,53.486200,SELL_DOWN,true
"2026-01-05 00:46:13","btc-updown-15m","Bitcoin Up or Down - January 4, 8:45AM-9:00AM ET",91198.615,91186.025,0.013800,53.5000,46.5000,53.486200,SELL_DOWN,true
"2026-01-05 00:46:18","btc-updown-15m","Bitcoin Up or Down - January 4, 8:45AM-9:00AM ET",91192.005,91186.025,0.006600,53.5000,46.5000,53.493400,SELL_DOWN,true
"2026-01-05 00:46:23","btc-updown-15m","Bitcoin Up or Down - January 4, 8:45AM-9:00AM ET",91196.035,91186.025,0.011000,52.5000,47.5000,52.489000,SELL_DOWN,true
"2026-01-05 00:46:28","btc-updown-15m","Bitcoin Up or Down - January 4, 8:45AM-9:00AM ET",91196.035,91186.025,0.011000,54.0000,46.0000,53.989000,SELL_DOWN,true
"2026-01-05 00:46:33","btc-updown-15m","Bitcoin Up or Down - January 4, 8:45AM-9:00AM ET",91196.035,91186.025,0.011000,57.5000,42.5000,57.489000,SELL_DOWN,true
"2026-01-05 00:46:38","btc-updown-15m","Bitcoin Up or Down - January 4, 8:45AM-9:00AM ET",91196.035,91186.025,0.011000,62.5000,37.5000,62.489000,SELL_DOWN,true
"2026-01-05 00:46:43","btc-updown-15m","Bitcoin Up or Down - January 4, 8:45AM-9:00AM ET",91196.035,91186.025,0.011000,57.5000,42.5000,57.489000,SELL_DOWN,true
"2026-01-05 00:46:48","btc-updown-15m","Bitcoin Up or Down - January 4, 8:45AM-9:00AM ET",91196.035,91186.025,0.011000,54.5000,45.5000,54.489000,SELL_DOWN,true
"2026-01-05 00:46:53","btc-updown-15m","Bitcoin Up or Down - January 4, 8:45AM-9:00AM ET",91201.425,91186.025,0.016900,52.5000,47.5000,52.483100,SELL_DOWN,true
"2026-01-05 00:46:58","btc-updown-15m","Bitcoin Up or Down - January 4, 8:45AM-9:00AM ET",91201.425,91186.025,0.016900,53.0000,47.0000,52.983100,SELL_DOWN,true
"2026-01-05 00:47:03","btc-updown-15m","Bitcoin Up or Down - January 4, 8:45AM-9:00AM ET",91200.005,91186.025,0.015300,53.5000,46.5000,53.484700,SELL_DOWN,true
"2026-01-05 00:47:08","btc-updown-15m","Bitcoin Up or Down - January 4, 8:45AM-9:00AM ET",91202.015,91186.025,0.017500,54.0000,46.0000,53.982500,SELL_DOWN,true
"2026-01-05 00:47:13","btc-updown-15m","Bitcoin Up or Down - January 4, 8:45AM-9:00AM ET",91202.015,91186.025,0.017500,55.5000,44.5000,55.482500,SELL_DOWN,true
"2026-01-05 00:47:18","btc-updown-15m","Bitcoin Up or Down - January 4, 8:45AM-9:00AM ET",91202.015,91186.025,0.017500,54.5000,45.5000,54.482500,SELL_DOWN,true
"2026-01-05 00:47:23","btc-updown-15m","Bitcoin Up or Down - January 4, 8:45AM-9:00AM ET",91202.015,91186.025,0.017500,54.0000,46.0000,53.982500,SELL_DOWN,true
"2026-01-05 00:47:28","btc-updown-15m","Bitcoin Up or Down - January 4, 8:45AM-9:00AM ET",91202.015,91186.025,0.017500,54.5000,45.5000,54.482500,SELL_DOWN,true
"2026-01-05 00:47:33","btc-updown-15m","Bitcoin Up or Down - January 4, 8:45AM-9:00AM ET",91202.015,91186.025,0.017500,54.5000,45.5000,54.482500,SELL_DOWN,true
"2026-01-05 00:47:38","btc-updown-15m","Bitcoin Up or Down - January 4, 8:45AM-9:00AM ET",91202.015,91186.025,0.017500,55.5000,44.5000,55.482500,SELL_DOWN,true
"2026-01-05 00:47:43","btc-updown-15m","Bitcoin Up or Down - January 4, 8:45AM-9:00AM ET",91202.015,91186.025,0.017500,66.5000,33.5000,66.482500,SELL_DOWN,true
"2026-01-05 00:47:48","btc-updown-15m","Bitcoin Up or Down - January 4, 8:45AM-9:00AM ET",91202.015,91186.025,0.017500,65.5000,34.5000,65.482500,SELL_DOWN,true
"2026-01-05 00:47:53","btc-updown-15m","Bitcoin Up or Down - January 4, 8:45AM-9:00AM ET",91202.015,91186.025,0.017500,67.5000,32.5000,67.482500,SELL_DOWN,true
"2026-01-05 00:47:58","btc-updown-15m","Bitcoin Up or Down - January 4, 8:45AM-9:00AM ET",91202.015,91186.025,0.017500,64.5000,35.5000,64.482500,SELL_DOWN,true
"2026-01-05 00:48:03","btc-updown-15m","Bitcoin Up or Down - January 4, 8:45AM-9:00AM ET",91202.015,91186.025,0.017500,73.0000,27.0000,72.982500,SELL_DOWN,true
"2026-01-05 00:48:08","btc-updown-15m","Bitcoin Up or Down - January 4, 8:45AM-9:00AM ET",91216.005,91186.025,0.032900,71.5000,28.5000,71.467100,SELL_DOWN,true
"2026-01-05 00:48:13","btc-updown-15m","Bitcoin Up or Down - January 4, 8:45AM-9:00AM ET",91216.005,91186.025,0.032900,71.5000,28.5000,71.467100,SELL_DOWN,true
"2026-01-05 00:48:18","btc-updown-15m","Bitcoin Up or Down - January 4, 8:45AM-9:00AM ET",91222.325,91186.025,0.039800,72.5000,27.5000,72.460200,SELL_DOWN,true
"2026-01-05 00:48:23","btc-updown-15m","Bitcoin Up or Down - January 4, 8:45AM-9:00AM ET",91222.325,91186.025,0.039800,68.5000,31.5000,68.460200,SELL_DOWN,true
"2026-01-05 00:48:28","btc-updown-15m","Bitcoin Up or Down - January 4, 8:45AM-9:00AM ET",91222.325,91186.025,0.039800,68.5000,31.5000,68.460200,SELL_DOWN,true
"2026-01-05 00:48:33","btc-updown-15m","Bitcoin Up or Down - January 4, 8:45AM-9:00AM ET",91222.325,91186.025,0.039800,69.0000,31.0000,68.960200,SELL_DOWN,true
"2026-01-05 00:48:38","btc-updown-15m","Bitcoin Up or Down - January 4, 8:45AM-9:00AM ET",91231.365,91186.025,0.049700,68.0000,32.0000,67.950300,SELL_DOWN,true
"2026-01-05 00:48:43","btc-updown-15m","Bitcoin Up or Down - January 4, 8:45AM-9:00AM ET",91226.005,91186.025,0.043800,68.0000,32.0000,67.956200,SELL_DOWN,true
"2026-01-05 00:48:48","btc-updown-15m","Bitcoin Up or Down - January 4, 8:45AM-9:00AM ET",91226.005,91186.025,0.043800,68.5000,31.5000,68.456200,SELL_DOWN,true
"2026-01-05 00:48:53","btc-updown-15m","Bitcoin Up or Down - January 4, 8:45AM-9:00AM ET",91226.015,91186.025,0.043900,66.5000,33.5000,66.456100,SELL_DOWN,true
"2026-01-05 00:48:58","btc-updown-15m","Bitcoin Up or Down - January 4, 8:45AM-9:00AM ET",91226.015,91186.025,0.043900,62.5000,37.5000,62.456100,SELL_DOWN,true
"2026-01-05 00:49:03","btc-updown-15m","Bitcoin Up or Down - January 4, 8:45AM-9:00AM ET",91226.015,91186.025,0.043900,61.5000,38.5000,61.456100,SELL_DOWN,true
"2026-01-05 00:49:08","btc-updown-15m","Bitcoin Up or Down - January 4, 8:45AM-9:00AM ET",91226.015,91186.025,0.043900,57.5000,42.5000,57.456100,SELL_DOWN,true
"2026-01-05 00:49:13","btc-updown-15m","Bitcoin Up or Down - January 4, 8:45AM-9:00AM ET",91225.575,91186.025,0.043400,55.0000,45.0000,54.956600,SELL_DOWN,true
"2026-01-05 00:49:18","btc-updown-15m","Bitcoin Up or Down - January 4, 8:45AM-9:00AM ET",91225.575,91186.025,0.043400,54.5000,45.5000,54.456600,SELL_DOWN,true
"2026-01-05 00:49:23","btc-updown-15m","Bitcoin Up or Down - January 4, 8:45AM-9:00AM ET",91212.005,91186.025,0.028500,55.5000,44.5000,55.471500,SELL_DOWN,true
"2026-01-05 00:49:28","btc-updown-15m","Bitcoin Up or Down - January 4, 8:45AM-9:00AM ET",91209.185,91186.025,0.025400,56.0000,44.0000,55.974600,SELL_DOWN,true
"2026-01-05 00:49:33","btc-updown-15m","Bitcoin Up or Down - January 4, 8:45AM-9:00AM ET",91204.625,91186.025,0.020400,57.0000,43.0000,56.979600,SELL_DOWN,true
"2026-01-05 00:49:38","btc-updown-15m","Bitcoin Up or Down - January 4, 8:45AM-9:00AM ET",91209.185,91186.025,0.025400,56.5000,43.5000,56.474600,SELL_DOWN,true
"2026-01-05 00:49:43","btc-updown-15m","Bitcoin Up or Down - January 4, 8:45AM-9:00AM ET",91204.625,91186.025,0.020400,56.0000,44.0000,55.979600,SELL_DOWN,true
"2026-01-05 00:49:48","btc-updown-15m","Bitcoin Up or Down - January 4, 8:45AM-9:00AM ET",91209.185,91186.025,0.025400,55.5000,44.5000,55.474600,SELL_DOWN,true
"2026-01-05 00:49:53","btc-updown-15m","Bitcoin Up or Down - January 4, 8:45AM-9:00AM ET",91204.625,91186.025,0.020400,53.0000,47.0000,52.979600,SELL_DOWN,true
"2026-01-05 00:49:58","btc-updown-15m","Bitcoin Up or Down - January 4, 8:45AM-9:00AM ET",91204.625,91186.025,0.020400,54.0000,46.0000,53.979600,SELL_DOWN,true
"2026-01-05 00:50:03","btc-updown-15m","Bitcoin Up or Down - January 4, 8:45AM-9:00AM ET",91204.625,91186.025,0.020400,54.5000,45.5000,54.479600,SELL_DOWN,true
"2026-01-05 00:50:08","btc-updown-15m","Bitcoin Up or Down - January 4, 8:45AM-9:00AM ET",91204.625,91186.025,0.020400,49.0000,51.0000,48.979600,BUY_UP,true
"2026-01-05 00:50:13","btc-updown-15m","Bitcoin Up or Down - January 4, 8:45AM-9:00AM ET",91204.095,91186.025,0.019800,57.5000,42.5000,57.480200,SELL_DOWN,true
"2026-01-05 00:50:18","btc-updown-15m","Bitcoin Up or Down - January 4, 8:45AM-9:00AM ET",91188.005,91186.025,0.002200,55.5000,44.5000,55.497800,SELL_DOWN,true
"2026-01-05 00:50:23","btc-updown-15m","Bitcoin Up or Down - January 4, 8:45AM-9:00AM ET",91198.015,91186.025,0.013100,60.0000,40.0000,59.986900,SELL_DOWN,true
"2026-01-05 00:50:28","btc-updown-15m","Bitcoin Up or Down - January 4, 8:45AM-9:00AM ET",91188.005,91186.025,0.002200,58.5000,41.5000,58.497800,SELL_DOWN,true
"2026-01-05 00:50:33","btc-updown-15m","Bitcoin Up or Down - January 4, 8:45AM-9:00AM ET",91198.015,91186.025,0.013100,59.0000,41.0000,58.986900,SELL_DOWN,true
"2026-01-05 00:50:38","btc-updown-15m","Bitcoin Up or Down - January 4, 8:45AM-9:00AM ET",91198.015,91186.025,0.013100,58.5000,41.5000,58.486900,SELL_DOWN,true
"2026-01-05 00:50:43","btc-updown-15m","Bitcoin Up or Down - January 4, 8:45AM-9:00AM ET",91199.995,91186.025,0.015300,59.5000,40.5000,59.484700,SELL_DOWN,true
"2026-01-05 00:50:48","btc-updown-15m","Bitcoin Up or Down - January 4, 8:45AM-9:00AM ET",91199.995,91186.025,0.015300,59.5000,40.5000,59.484700,SELL_DOWN,true
"2026-01-05 00:50:53","btc-updown-15m","Bitcoin Up or Down - January 4, 8:45AM-9:00AM ET",91199.995,91186.025,0.015300,59.5000,40.5000,59.484700,SELL_DOWN,true
"2026-01-05 00:50:58","btc-updown-15m","Bitcoin Up or Down - January 4, 8:45AM-9:00AM ET",91199.995,91186.025,0.015300,58.5000,41.5000,58.484700,SELL_DOWN,true
"2026-01-05 00:51:03","btc-updown-15m","Bitcoin Up or Down - January 4, 8:45AM-9:00AM ET",91199.995,91186.025,0.015300,60.0000,40.0000,59.984700,SELL_DOWN,true
"2026-01-05 00:51:08","btc-updown-15m","Bitcoin Up or Down - January 4, 8:45AM-9:00AM ET",91199.995,91186.025,0.015300,60.5000,39.5000,60.484700,SELL_DOWN,true
"2026-01-05 00:51:13","btc-updown-15m","Bitcoin Up or Down - January 4, 8:45AM-9:00AM ET",91199.995,91186.025,0.015300,60.0000,40.0000,59.984700,SELL_DOWN,true
"2026-01-05 00:51:18","btc-updown-15m","Bitcoin Up or Down - January 4, 8:45AM-9:00AM ET",91199.995,91186.025,0.015300,59.5000,40.5000,59.484700,SELL_DOWN,true
"2026-01-05 00:51:23","btc-updown-15m","Bitcoin Up or Down - January 4, 8:45AM-9:00AM ET",91199.995,91186.025,0.015300,58.5000,41.5000,58.484700,SELL_DOWN,true
"2026-01-05 00:51:28","btc-updown-15m","Bitcoin Up or Down - January 4, 8:45AM-9:00AM ET",91199.995,91186.025,0.015300,60.5000,39.5000,60.484700,SELL_DOWN,true
"2026-01-05 00:51:33","btc-updown-15m","Bitcoin Up or Down - January 4, 8:45AM-9:00AM ET",91199.995,91186.025,0.015300,61.5000,38.5000,61.484700,SELL_DOWN,true
"2026-01-05 00:51:38","btc-updown-15m","Bitcoin Up or Down - January 4, 8:45AM-9:00AM ET",91199.995,91186.025,0.015300,62.0000,38.0000,61.984700,SELL_DOWN,true
"2026-01-05 00:51:43","btc-updown-15m","Bitcoin Up or Down - January 4, 8:45AM-9:00AM ET",91199.995,91186.025,0.015300,60.5000,39.5000,60.484700,SELL_DOWN,true
"2026-01-05 00:51:48","btc-updown-15m","Bitcoin Up or Down - January 4, 8:45AM-9:00AM ET",91199.995,91186.025,0.015300,60.5000,39.5000,60.484700,SELL_DOWN,true
"2026-01-05 00:51:53","btc-updown-15m","Bitcoin Up or Down - January 4, 8:45AM-9:00AM ET",91199.995,91186.025,0.015300,59.5000,40.5000,59.484700,SELL_DOWN,true
"2026-01-05 00:51:58","btc-updown-15m","Bitcoin Up or Down - January 4, 8:45AM-9:00AM ET",91199.995,91186.025,0.015300,58.5000,41.5000,58.484700,SELL_DOWN,true
"2026-01-05 00:52:03","btc-updown-15m","Bitcoin Up or Down - January 4, 8:45AM-9:00AM ET",91199.995,91186.025,0.015300,58.5000,41.5000,58.484700,SELL_DOWN,true
"2026-01-05 00:52:08","btc-updown-15m","Bitcoin Up or Down - January 4, 8:45AM-9:00AM ET",91199.995,91186.025,0.015300,56.0000,44.0000,55.984700,SELL_DOWN,true
"2026-01-05 00:52:13","btc-updown-15m","Bitcoin Up or Down - January 4, 8:45AM-9:00AM ET",91199.995,91186.025,0.015300,56.0000,44.0000,55.984700,SELL_DOWN,true
"2026-01-05 00:52:18","btc-updown-15m","Bitcoin Up or Down - January 4, 8:45AM-9:00AM ET",91199.995,91186.025,0.015300,57.5000,42.5000,57.484700,SELL_DOWN,true
"2026-01-05 00:52:23","btc-updown-15m","Bitcoin Up or Down - January 4, 8:45AM-9:00AM ET",91199.995,91186.025,0.015300,51.5000,48.5000,51.484700,SELL_DOWN,true
"2026-01-05 00:52:28","btc-updown-15m","Bitcoin Up or Down - January 4, 8:45AM-9:00AM ET",91199.995,91186.025,0.015300,47.5000,52.5000,47.484700,BUY_UP,true
"2026-01-05 00:52:33","btc-updown-15m","Bitcoin Up or Down - January 4, 8:45AM-9:00AM ET",91199.995,91186.025,0.015300,47.5000,52.5000,47.484700,BUY_UP,true
"2026-01-05 00:52:38","btc-updown-15m","Bitcoin Up or Down - January 4, 8:45AM-9:00AM ET",91199.995,91186.025,0.015300,55.5000,44.5000,55.484700,SELL_DOWN,true
"2026-01-05 00:52:43","btc-updown-15m","Bitcoin Up or Down - January 4, 8:45AM-9:00AM ET",91194.43,91186.025,0.009200,57.5000,42.5000,57.490800,SELL_DOWN,true
"2026-01-05 00:52:48","btc-updown-15m","Bitcoin Up or Down - January 4, 8:45AM-9:00AM ET",91192.685,91186.025,0.007300,55.5000,44.5000,55.492700,SELL_DOWN,true
"2026-01-05 00:52:53","btc-updown-15m","Bitcoin Up or Down - January 4, 8:45AM-9:00AM ET",91192.685,91186.025,0.007300,55.5000,44.5000,55.492700,SELL_DOWN,true
"2026-01-05 00:52:58","btc-updown-15m","Bitcoin Up or Down - January 4, 8:45AM-9:00AM ET",91192.685,91186.025,0.007300,54.5000,45.5000,54.492700,SELL_DOWN,true
"2026-01-05 00:53:03","btc-updown-15m","Bitcoin Up or Down - January 4, 8:45AM-9:00AM ET",91192.685,91186.025,0.007300,59.5000,40.5000,59.492700,SELL_DOWN,true
"2026-01-05 00:53:08","btc-updown-15m","Bitcoin Up or Down - January 4, 8:45AM-9:00AM ET",91199.995,91186.025,0.015300,67.5000,32.5000,67.484700,SELL_DOWN,true
"2026-01-05 00:53:13","btc-updown-15m","Bitcoin Up or Down - January 4, 8:45AM-9:00AM ET",91199.995,91186.025,0.015300,71.5000,28.5000,71.484700,SELL_DOWN,true
"2026-01-05 00:53:18","btc-updown-15m","Bitcoin Up or Down - January 4, 8:45AM-9:00AM ET",91199.995,91186.025,0.015300,69.5000,30.5000,69.484700,SELL_DOWN,true
"2026-01-05 00:53:23","btc-updown-15m","Bitcoin Up or Down - January 4, 8:45AM-9:00AM ET",91199.995,91186.025,0.015300,77.5000,22.5000,77.484700,SELL_DOWN,true
"2026-01-05 00:53:28","btc-updown-15m","Bitcoin Up or Down - January 4, 8:45AM-9:00AM ET",91199.995,91186.025,0.015300,78.5000,21.5000,78.484700,SELL_DOWN,true
"2026-01-05 00:53:33","btc-updown-15m","Bitcoin Up or Down - January 4, 8:45AM-9:00AM ET",91199.995,91186.025,0.015300,78.0000,22.0000,77.984700,SELL_DOWN,true
"2026-01-05 00:53:38","btc-updown-15m","Bitcoin Up or Down - January 4, 8:45AM-9:00AM ET",91219.995,91186.025,0.037300,78.0000,22.0000,77.962700,SELL_DOWN,true
"2026-01-05 00:53:43","btc-updown-15m","Bitcoin Up or Down - January 4, 8:45AM-9:00AM ET",91219.995,91186.025,0.037300,80.5000,19.5000,80.462700,SELL_DOWN,true
"2026-01-05 00:53:48","btc-updown-15m","Bitcoin Up or Down - January 4, 8:45AM-9:00AM ET",91219.995,91186.025,0.037300,81.5000,18.5000,81.462700,SELL_DOWN,true
"2026-01-05 00:53:53","btc-updown-15m","Bitcoin Up or Down - January 4, 8:45AM-9:00AM ET",91219.995,91186.025,0.037300,79.5000,20.5000,79.462700,SELL_DOWN,true
"2026-01-05 00:53:58","btc-updown-15m","Bitcoin Up or Down - January 4, 8:45AM-9:00AM ET",91223.995,91186.025,0.041600,84.0000,16.0000,83.958400,SELL_DOWN,true
"2026-01-05 00:54:03","btc-updown-15m","Bitcoin Up or Down - January 4, 8:45AM-9:00AM ET",91223.995,91186.025,0.041600,82.5000,17.5000,82.458400,SELL_DOWN,true
"2026-01-05 00:54:08","btc-updown-15m","Bitcoin Up or Down - January 4, 8:45AM-9:00AM ET",91223.995,91186.025,0.041600,84.5000,15.5000,84.458400,SELL_DOWN,true
"2026-01-05 00:54:13","btc-updown-15m","Bitcoin Up or Down - January 4, 8:45AM-9:00AM ET",91226.455,91186.025,0.044300,80.5000,19.5000,80.455700,SELL_DOWN,true
"2026-01-05 00:54:18","btc-updown-15m","Bitcoin Up or Down - January 4, 8:45AM-9:00AM ET",91226.895,91186.025,0.044800,81.5000,18.5000,81.455200,SELL_DOWN,true
"2026-01-05 00:54:23","btc-updown-15m","Bitcoin Up or Down - January 4, 8:45AM-9:00AM ET",91226.895,91186.025,0.044800,81.5000,18.5000,81.455200,SELL_DOWN,true
"2026-01-05 00:54:28","btc-updown-15m","Bitcoin Up or Down - January 4, 8:45AM-9:00AM ET",91226.895,91186.025,0.044800,84.5000,15.5000,84.455200,SELL_DOWN,true
"2026-01-05 00:54:33","btc-updown-15m","Bitcoin Up or Down - January 4, 8:45AM-9:00AM ET",91226.895,91186.025,0.044800,86.5000,13.5000,86.455200,SELL_DOWN,true
"2026-01-05 00:54:38","btc-updown-15m","Bitcoin Up or Down - January 4, 8:45AM-9:00AM ET",91226.895,91186.025,0.044800,87.5000,12.5000,87.455200,SELL_DOWN,true
"2026-01-05 00:54:43","btc-updown-15m","Bitcoin Up or Down - January 4, 8:45AM-9:00AM ET",91226.895,91186.025,0.044800,85.0000,15.0000,84.955200,SELL_DOWN,true
"2026-01-05 00:54:48","btc-updown-15m","Bitcoin Up or Down - January 4, 8:45AM-9:00AM ET",91231.995,91186.025,0.050400,86.5000,13.5000,86.449600,SELL_DOWN,true
"2026-01-05 00:54:53","btc-updown-15m","Bitcoin Up or Down - January 4, 8:45AM-9:00AM ET",91231.995,91186.025,0.050400,88.5000,11.5000,88.449600,SELL_DOWN,true
"2026-01-05 00:54:58","btc-updown-15m","Bitcoin Up or Down - January 4, 8:45AM-9:00AM ET",91231.995,91186.025,0.050400,86.5000,13.5000,86.449600,SELL_DOWN,true
"2026-01-05 00:55:03","btc-updown-15m","Bitcoin Up or Down - January 4, 8:45AM-9:00AM ET",91231.995,91186.025,0.050400,87.5000,12.5000,87.449600,SELL_DOWN,true
"2026-01-05 00:55:08","btc-updown-15m","Bitcoin Up or Down - January 4, 8:45AM-9:00AM ET",91231.995,91186.025,0.050400,89.5000,10.5000,89.449600,SELL_DOWN,true
"2026-01-05 00:55:13","btc-updown-15m","Bitcoin Up or Down - January 4, 8:45AM-9:00AM ET",91231.995,91186.025,0.050400,88.5000,11.5000,88.449600,SELL_DOWN,true
"2026-01-05 00:55:18","btc-updown-15m","Bitcoin Up or Down - January 4, 8:45AM-9:00AM ET",91231.995,91186.025,0.050400,88.5000,11.5000,88.449600,SELL_DOWN,true
"2026-01-05 00:55:23","btc-updown-15m","Bitcoin Up or Down - January 4, 8:45AM-9:00AM ET",91231.995,91186.025,0.050400,88.5000,11.5000,88.449600,SELL_DOWN,true
"2026-01-05 00:55:28","btc-updown-15m","Bitcoin Up or Down - January 4, 8:45AM-9:00AM ET",91231.995,91186.025,0.050400,88.5000,11.5000,88.449600,SELL_DOWN,true
"2026-01-05 00:55:33","btc-updown-15m","Bitcoin Up or Down - January 4, 8:45AM-9:00AM ET",91231.995,91186.025,0.050400,88.5000,11.5000,88.449600,SELL_DOWN,true
"2026-01-05 00:55:38","btc-updown-15m","Bitcoin Up or Down - January 4, 8:45AM-9:00AM ET",91231.995,91186.025,0.050400,88.5000,11.5000,88.449600,SELL_DOWN,true
"2026-01-05 00:55:43","btc-updown-15m","Bitcoin Up or Down - January 4, 8:45AM-9:00AM ET",91242.075,91186.025,0.061500,88.5000,11.5000,88.438500,SELL_DOWN,true
"2026-01-05 00:55:48","btc-updown-15m","Bitcoin Up or Down - January 4, 8:45AM-9:00AM ET",91225.005,91186.025,0.042700,88.5000,11.5000,88.457300,SELL_DOWN,true
"2026-01-05 00:55:53","btc-updown-15m","Bitcoin Up or Down - January 4, 8:45AM-9:00AM ET",91225.005,91186.025,0.042700,88.5000,11.5000,88.457300,SELL_DOWN,true
"2026-01-05 00:55:58","btc-updown-15m","Bitcoin Up or Down - January 4, 8:45AM-9:00AM ET",91224.005,91186.025,0.041700,88.5000,11.5000,88.458300,SELL_DOWN,true
"2026-01-05 00:56:03","btc-updown-15m","Bitcoin Up or Down - January 4, 8:45AM-9:00AM ET",91224.005,91186.025,0.041700,88.5000,11.5000,88.458300,SELL_DOWN,true
"2026-01-05 00:56:08","btc-updown-15m","Bitcoin Up or Down - January 4, 8:45AM-9:00AM ET",91224.005,91186.025,0.041700,88.5000,11.5000,88.458300,SELL_DOWN,true
"2026-01-05 00:56:13","btc-updown-15m","Bitcoin Up or Down - January 4, 8:45AM-9:00AM ET",91220.005,91186.025,0.037300,88.5000,11.5000,88.462700,SELL_DOWN,true
"2026-01-05 00:56:18","btc-updown-15m","Bitcoin Up or Down - January 4, 8:45AM-9:00AM ET",91220.005,91186.025,0.037300,88.5000,11.5000,88.462700,SELL_DOWN,true
"2026-01-05 00:56:23","btc-updown-15m","Bitcoin Up or Down - January 4, 8:45AM-9:00AM ET",91220.005,91186.025,0.037300,88.5000,11.5000,88.462700,SELL_DOWN,true
"2026-01-05 00:56:28","btc-updown-15m","Bitcoin Up or Down - January 4, 8:45AM-9:00AM ET",91220.005,91186.025,0.037300,88.5000,11.5000,88.462700,SELL_DOWN,true
"2026-01-05 00:56:33","btc-updown-15m","Bitcoin Up or Down - January 4, 8:45AM-9:00AM ET",91220.005,91186.025,0.037300,88.5000,11.5000,88.462700,SELL_DOWN,true
"2026-01-05 00:56:38","btc-updown-15m","Bitcoin Up or Down - January 4, 8:45AM-9:00AM ET",91220.005,91186.025,0.037300,88.5000,11.5000,88.462700,SELL_DOWN,true
"2026-01-05 00:56:43","btc-updown-15m","Bitcoin Up or Down - January 4, 8:45AM-9:00AM ET",91212.005,91186.025,0.028500,88.5000,11.5000,88.471500,SELL_DOWN,true
"2026-01-05 00:56:48","btc-updown-15m","Bitcoin Up or Down - January 4, 8:45AM-9:00AM ET",91212.385,91186.025,0.028900,88.5000,11.5000,88.471100,SELL_DOWN,true
"2026-01-05 00:56:53","btc-updown-15m","Bitcoin Up or Down - January 4, 8:45AM-9:00AM ET",91212.385,91186.025,0.028900,88.5000,11.5000,88.471100,SELL_DOWN,true
"2026-01-05 00:56:58","btc-updown-15m","Bitcoin Up or Down - January 4, 8:45AM-9:00AM ET",91212.385,91186.025,0.028900,88.5000,11.5000,88.471100,SELL_DOWN,true
"2026-01-05 00:57:03","btc-updown-15m","Bitcoin Up or Down - January 4, 8:45AM-9:00AM ET",91212.385,91186.025,0.028900,88.5000,11.5000,88.471100,SELL_DOWN,true
"2026-01-05 00:57:08","btc-updown-15m","Bitcoin Up or Down - January 4, 8:45AM-9:00AM ET",91212.385,91186.025,0.028900,88.5000,11.5000,88.471100,SELL_DOWN,true
"2026-01-05 00:57:13","btc-updown-15m","Bitcoin Up or Down - January 4, 8:45AM-9:00AM ET",91219.34,91186.025,0.036500,88.5000,11.5000,88.463500,SELL_DOWN,true
"2026-01-05 00:57:18","btc-updown-15m","Bitcoin Up or Down - January 4, 8:45AM-9:00AM ET",91219.34,91186.025,0.036500,88.5000,11.5000,88.463500,SELL_DOWN,true
"2026-01-05 00:57:23","btc-updown-15m","Bitcoin Up or Down - January 4, 8:45AM-9:00AM ET",91218.675,91186.025,0.035800,88.5000,11.5000,88.464200,SELL_DOWN,true
"2026-01-05 00:57:28","btc-updown-15m","Bitcoin Up or Down - January 4, 8:45AM-9:00AM ET",91218.675,91186.025,0.035800,88.5000,11.5000,88.464200,SELL_DOWN,true
"2026-01-05 00:57:33","btc-updown-15m","Bitcoin Up or Down - January 4, 8:45AM-9:00AM ET",91218.675,91186.025,0.035800,88.5000,11.5000,88.464200,SELL_DOWN,true
"2026-01-05 00:57:38","btc-updown-15m","Bitcoin Up or Down - January 4, 8:45AM-9:00AM ET",91218.675,91186.025,0.035800,88.5000,11.5000,88.464200,SELL_DOWN,true
"2026-01-05 00:57:43","btc-updown-15m","Bitcoin Up or Down - January 4, 8:45AM-9:00AM ET",91230.005,91186.025,0.048200,88.5000,11.5000,88.451800,SELL_DOWN,true
"2026-01-05 00:57:48","btc-updown-15m","Bitcoin Up or Down - January 4, 8:45AM-9:00AM ET",91230.005,91186.025,0.048200,88.5000,11.5000,88.451800,SELL_DOWN,true
