[
  {
    "userId": "a94ad8b9-1832-4c4f-8c58-84bf6274d2f8",
    "robotNumber": 1,
    "magicNumber": "",
    "robotName": "",
    "symbol": "XAUUSD",
    "timeframe": "H1",
    "startHour": 15,
    "startMinute": 30,
    "endHour": 0,
    "endMinute": 0,
    "endTimeEnabled": true,
    "minX1Height": 7.0,
    "x1Type": "Cents",
    "trigPercent": 13.0,
    "stopLossPercent": 13.0,
    "rptPercent": 0.3,
    "rptFixedAmount": 0.0,
    "tp1Percent": 100.0,
    "tp1Volume": 14,
    "tp2Percent": 110.0,
    "tp2Volume": 14,
    "tp3Percent": 125.0,
    "tp3Volume": 14,
    "tp4Percent": 150.0,
    "tp4Volume": 14,
    "tp5Percent": 200.0,
    "tp5Volume": 14,
    "tp6Percent": 250.0,
    "tp6Volume": 14,
    "tp7Percent": 300.0,
    "tp7Volume": 16,
    "commissionsEnabled": false,
    "commissionType": "No_Commissions",
    "commissionValue": 0.0,
    "disableLeapfrog": false,
    "dailyDdLimit": 0.0,
    "x4StrictEnabled": false,
    "x4RelaxedEnabled": false,
    "x5StrictEnabled": false,
    "x5RelaxedEnabled": false,
    "active": true,
    "createdAt": "2025-10-21T14:48:45.371387Z"
  }
]