<?xml version="1.0" encoding="UTF-8"?>
<project xmlns="http://maven.apache.org/POM/4.0.0" xmlns:xsi="http://www.w3.org/2001/XMLSchema-instance" xsi:schemaLocation="http://maven.apache.org/POM/4.0.0 http://maven.apache.org/maven-v4_0_0.xsd">
  <modelVersion>4.0.0</modelVersion>
  <groupId>com.polymarket</groupId>
  <artifactId>orderbook-ui</artifactId>
  <name>Polymarket OrderBook UI</name>
  <version>1.0-SNAPSHOT</version>
  <description>Real-time Polymarket CLOB order book with JavaFX UI</description>
  <build>
    <plugins>
      <plugin>
        <groupId>org.jetbrains.kotlin</groupId>
        <artifactId>kotlin-maven-plugin</artifactId>
        <version>${kotlin.version}</version>
        <executions>
          <execution>
            <id>compile</id>
            <phase>compile</phase>
            <goals>
              <goal>compile</goal>
            </goals>
          </execution>
        </executions>
      </plugin>
      <plugin>
        <artifactId>maven-compiler-plugin</artifactId>
        <version>3.11.0</version>
        <configuration>
          <source>17</source>
          <target>17</target>
        </configuration>
      </plugin>
      <plugin>
        <groupId>org.codehaus.mojo</groupId>
        <artifactId>exec-maven-plugin</artifactId>
        <version>3.1.0</version>
        <configuration>
          <mainClass>com.polymarket.orderbook.PolymarketOrderBookApp</mainClass>
        </configuration>
      </plugin>
      <plugin>
        <groupId>org.openjfx</groupId>
        <artifactId>javafx-maven-plugin</artifactId>
        <version>0.0.8</version>
        <configuration>
          <mainClass>com.polymarket.orderbook.PolymarketOrderBookApp</mainClass>
        </configuration>
      </plugin>
      <plugin>
        <artifactId>maven-shade-plugin</artifactId>
        <version>3.5.1</version>
        <executions>
          <execution>
            <phase>package</phase>
            <goals>
              <goal>shade</goal>
            </goals>
            <configuration>
              <transformers>
                <transformer>
                  <mainClass>com.polymarket.orderbook.PolymarketOrderBookApp</mainClass>
                </transformer>
              </transformers>
            </configuration>
          </execution>
        </executions>
      </plugin>
    </plugins>
  </build>
  <properties>
    <maven.compiler.target>17</maven.compiler.target>
    <kotlin.version>2.0.21</kotlin.version>
    <maven.compiler.source>17</maven.compiler.source>
    <project.build.sourceEncoding>UTF-8</project.build.sourceEncoding>
    <web3j.version>4.10.3</web3j.version>
    <javafx.version>21.0.1</javafx.version>
    <jackson.version>2.16.1</jackson.version>
  </properties>
</project>
