{
  "symbol": "XAUUSD",
  "tp3_percent": 125.0,
  "min_x1_height": 7.0,
  "tp2_percent": 110.0,
  "smart_ts": true,
  "tp1_percent": 100.0,
  "tp1_volume": 14,
  "tp6_percent": 250.0,
  "tp3_volume": 14,
  "tp2_volume": 14,
  "tp4_volume": 14,
  "tp7_percent": 300.0,
  "timeframe": "H1",
  "tp5_volume": 14,
  "disable_leapfrog": false,
  "start_hour": 7,
  "commission_value": 0.0,
  "end_hour": 23,
  "commission_type": "No_Commissions",
  "rpt_fixed_amount": 0.0,
  "stop_loss_percent": 13.0,
  "commissions_enabled": false,
  "tp6_volume": 14,
  "tp7_volume": 16,
  "x5_relaxed_enabled": true,
  "rpt_percent": 0.05,
  "x4_strict_enabled": false,
  "trig_percent": 13.0,
  "x4_relaxed_enabled": false,
  "profit_candle_limit": 0,
  "x1_type": "Cents",
  "tp5_percent": 200.0,
  "end_minute": 50,
  "x5_strict_enabled": false,
  "start_minute": 8,
  "tp4_percent": 150.0
}