[
  {
    "userId": "ae1c44a8-3edc-4510-98b1-c2ccbcbfc81f",
    "rowNumber": 1,
    "magicNumber": "",
    "robotName": "",
    "symbol": "XAUUSD",
    "timeframe": "M2",
    "closeHour": 17,
    "closeMinute": 52,
    "minX1Height": 7.0,
    "x1Type": "Cents",
    "trigPercent": 13.0,
    "stopLossPercent": 13.0,
    "rptPercent": 0.3,
    "rptFixedAmount": 200.0,
    "dailyDdLimit": 0.0,
    "tp1Percent": 100.0,
    "tp1Volume": 14,
    "tp2Percent": 110.0,
    "tp2Volume": 14,
    "tp3Percent": 125.0,
    "tp3Volume": 14,
    "tp4Percent": 150.0,
    "tp4Volume": 14,
    "tp5Percent": 200.0,
    "tp5Volume": 14,
    "tp6Percent": 250.0,
    "tp6Volume": 14,
    "tp7Percent": 300.0,
    "tp7Volume": 16,
    "autoTradingEnabled": false,
    "disableLeapfrog": true,
    "endTimeEnabled": false,
    "ceOn": false,
    "commissionsEnabled": false,
    "commissionType": "No_Commissions",
    "commissionValue": 0.0,
    "active": true
  }
]